doc_id,user_id,timestamp
12-163,553,2020-03-01T12:00:00
10-125,324,2020-03-01T12:00:03
10-181,254,2020-03-01T12:00:05
10-156,698,2020-03-01T12:00:06
12-127,602,2020-03-01T12:00:08
12-123,726,2020-03-01T12:00:10
13-105,413,2020-03-01T12:00:14
12-166,805,2020-03-01T12:00:15
12-154,356,2020-03-01T12:00:19
10-148,932,2020-03-01T12:00:19
13-144,185,2020-03-01T12:00:21
12-130,111,2020-03-01T12:00:25
10-161,247,2020-03-01T12:00:26
12-150,767,2020-03-01T12:00:28
13-143,699,2020-03-01T12:00:32
10-177,159,2020-03-01T12:00:34
13-151,382,2020-03-01T12:00:34
12-101,691,2020-03-01T12:00:37
10-152,292,2020-03-01T12:00:40
12-168,663,2020-03-01T12:00:43
12-180,996,2020-03-01T12:00:44
12-196,233,2020-03-01T12:00:48
10-198,385,2020-03-01T12:00:48
10-183,847,2020-03-01T12:00:52
10-114,328,2020-03-01T12:00:54
13-111,675,2020-03-01T12:00:58
10-198,694,2020-03-01T12:00:58
10-159,769,2020-03-01T12:00:58
10-100,697,2020-03-01T12:01:00
13-130,471,2020-03-01T12:01:00
13-119,173,2020-03-01T12:01:00
10-126,161,2020-03-01T12:01:03
10-171,787,2020-03-01T12:01:05
12-138,915,2020-03-01T12:01:06
12-105,979,2020-03-01T12:01:08
10-193,512,2020-03-01T12:01:09
13-198,410,2020-03-01T12:01:09
12-187,974,2020-03-01T12:01:10
12-165,226,2020-03-01T12:01:13
10-161,838,2020-03-01T12:01:17
10-147,832,2020-03-01T12:01:18
10-134,304,2020-03-01T12:01:19
13-163,237,2020-03-01T12:01:22
13-126,821,2020-03-01T12:01:22
10-178,276,2020-03-01T12:01:24
12-117,592,2020-03-01T12:01:25
12-150,358,2020-03-01T12:01:25
12-157,595,2020-03-01T12:01:28
12-188,515,2020-03-01T12:01:28
13-153,969,2020-03-01T12:01:29
10-110,394,2020-03-01T12:01:31
12-171,535,2020-03-01T12:01:31
13-175,624,2020-03-01T12:01:35
12-117,688,2020-03-01T12:01:35
12-139,405,2020-03-01T12:01:37
10-182,455,2020-03-01T12:01:37
10-186,368,2020-03-01T12:01:41
12-137,270,2020-03-01T12:01:45
10-143,618,2020-03-01T12:01:46
13-116,956,2020-03-01T12:01:48
12-111,776,2020-03-01T12:01:49
10-160,354,2020-03-01T12:01:49
12-136,145,2020-03-01T12:01:53
10-124,263,2020-03-01T12:01:54
13-139,770,2020-03-01T12:01:55
13-195,892,2020-03-01T12:01:55
13-147,936,2020-03-01T12:01:55
13-172,278,2020-03-01T12:01:58
13-108,628,2020-03-01T12:01:58
13-183,131,2020-03-01T12:02:00
12-193,409,2020-03-01T12:02:04
10-158,615,2020-03-01T12:02:07
10-125,761,2020-03-01T12:02:07
12-147,957,2020-03-01T12:02:09
13-153,853,2020-03-01T12:02:11
10-106,790,2020-03-01T12:02:13
10-111,383,2020-03-01T12:02:15
12-177,191,2020-03-01T12:02:15
10-153,228,2020-03-01T12:02:17
12-123,467,2020-03-01T12:02:20
13-125,972,2020-03-01T12:02:22
12-190,587,2020-03-01T12:02:26
10-141,461,2020-03-01T12:02:30
12-115,340,2020-03-01T12:02:30
13-117,552,2020-03-01T12:02:34
13-191,493,2020-03-01T12:02:38
12-129,583,2020-03-01T12:02:41
13-176,102,2020-03-01T12:02:44
10-130,134,2020-03-01T12:02:48
13-111,457,2020-03-01T12:02:49
10-120,951,2020-03-01T12:02:50
10-183,958,2020-03-01T12:02:51
13-144,804,2020-03-01T12:02:55
13-198,947,2020-03-01T12:02:59
12-102,913,2020-03-01T12:03:00
10-146,662,2020-03-01T12:03:03
12-157,885,2020-03-01T12:03:07
12-152,225,2020-03-01T12:03:08
10-196,118,2020-03-01T12:03:11
10-198,443,2020-03-01T12:03:14
10-178,958,2020-03-01T12:03:14
13-180,961,2020-03-01T12:03:15
13-163,837,2020-03-01T12:03:17
13-170,843,2020-03-01T12:03:21
12-188,279,2020-03-01T12:03:22
12-146,634,2020-03-01T12:03:24
10-153,190,2020-03-01T12:03:24
10-132,998,2020-03-01T12:03:28
12-182,904,2020-03-01T12:03:30
12-179,989,2020-03-01T12:03:31
12-125,263,2020-03-01T12:03:35
13-198,359,2020-03-01T12:03:39
12-101,574,2020-03-01T12:03:43
12-115,418,2020-03-01T12:03:44
13-107,771,2020-03-01T12:03:48
12-163,983,2020-03-01T12:03:48
10-122,636,2020-03-01T12:03:48
13-122,551,2020-03-01T12:03:51
10-190,615,2020-03-01T12:03:52
10-108,445,2020-03-01T12:03:55
13-121,945,2020-03-01T12:03:57
13-196,782,2020-03-01T12:03:58
13-102,884,2020-03-01T12:03:59
10-151,764,2020-03-01T12:03:59
13-160,883,2020-03-01T12:04:02
13-106,394,2020-03-01T12:04:02
10-107,676,2020-03-01T12:04:02
13-186,210,2020-03-01T12:04:04
10-168,133,2020-03-01T12:04:04
10-112,740,2020-03-01T12:04:04
12-140,954,2020-03-01T12:04:07
13-123,985,2020-03-01T12:04:10
10-194,651,2020-03-01T12:04:14
12-198,942,2020-03-01T12:04:17
12-163,990,2020-03-01T12:04:20
12-190,178,2020-03-01T12:04:23
10-180,210,2020-03-01T12:04:26
12-100,937,2020-03-01T12:04:26
10-119,823,2020-03-01T12:04:28
12-195,166,2020-03-01T12:04:29
13-139,994,2020-03-01T12:04:31
12-161,456,2020-03-01T12:04:34
12-146,577,2020-03-01T12:04:36
13-130,972,2020-03-01T12:04:39
10-110,289,2020-03-01T12:04:41
12-194,499,2020-03-01T12:04:42
10-129,431,2020-03-01T12:04:45
13-100,123,2020-03-01T12:04:46
10-192,627,2020-03-01T12:04:48
13-150,728,2020-03-01T12:04:50
13-136,140,2020-03-01T12:04:50
13-125,547,2020-03-01T12:04:53
10-159,527,2020-03-01T12:04:54
13-187,283,2020-03-01T12:04:56
13-171,487,2020-03-01T12:04:58
10-159,490,2020-03-01T12:04:58
13-120,555,2020-03-01T12:05:00
13-132,533,2020-03-01T12:05:01
13-172,185,2020-03-01T12:05:01
12-159,580,2020-03-01T12:05:03
13-136,602,2020-03-01T12:05:04
10-188,863,2020-03-01T12:05:04
12-143,695,2020-03-01T12:05:04
10-175,401,2020-03-01T12:05:04
13-126,649,2020-03-01T12:05:07
13-184,736,2020-03-01T12:05:07
13-181,903,2020-03-01T12:05:10
12-196,839,2020-03-01T12:05:14
12-152,374,2020-03-01T12:05:15
12-103,697,2020-03-01T12:05:18
12-176,622,2020-03-01T12:05:21
12-129,555,2020-03-01T12:05:21
13-110,953,2020-03-01T12:05:22
13-183,597,2020-03-01T12:05:22
13-168,784,2020-03-01T12:05:26
12-120,531,2020-03-01T12:05:29
10-173,280,2020-03-01T12:05:32
13-117,464,2020-03-01T12:05:33
12-185,235,2020-03-01T12:05:33
10-161,629,2020-03-01T12:05:37
10-145,355,2020-03-01T12:05:41
10-125,375,2020-03-01T12:05:43
12-128,301,2020-03-01T12:05:46
10-187,496,2020-03-01T12:05:50
13-159,390,2020-03-01T12:05:54
12-191,979,2020-03-01T12:05:56
12-172,891,2020-03-01T12:06:00
12-153,255,2020-03-01T12:06:01
10-186,886,2020-03-01T12:06:03
13-173,523,2020-03-01T12:06:03
10-164,357,2020-03-01T12:06:07
13-120,476,2020-03-01T12:06:08
10-176,903,2020-03-01T12:06:09
12-145,572,2020-03-01T12:06:09
13-103,430,2020-03-01T12:06:11
13-154,498,2020-03-01T12:06:12
10-123,549,2020-03-01T12:06:12
12-158,867,2020-03-01T12:06:16
13-175,829,2020-03-01T12:06:18
12-167,957,2020-03-01T12:06:19
12-170,658,2020-03-01T12:06:19
10-119,192,2020-03-01T12:06:20
13-100,623,2020-03-01T12:06:23
13-120,740,2020-03-01T12:06:27
12-140,337,2020-03-01T12:06:28
12-174,337,2020-03-01T12:06:29
10-110,800,2020-03-01T12:06:31
10-128,174,2020-03-01T12:06:33
12-193,300,2020-03-01T12:06:35
13-137,625,2020-03-01T12:06:36
13-154,500,2020-03-01T12:06:39
13-195,510,2020-03-01T12:06:42
13-156,338,2020-03-01T12:06:44
13-101,638,2020-03-01T12:06:48
12-138,788,2020-03-01T12:06:50
12-178,120,2020-03-01T12:06:50
13-123,144,2020-03-01T12:06:53
13-107,993,2020-03-01T12:06:56
13-130,756,2020-03-01T12:06:57
10-130,856,2020-03-01T12:07:01
12-137,105,2020-03-01T12:07:02
13-115,686,2020-03-01T12:07:02
12-170,504,2020-03-01T12:07:06
10-155,994,2020-03-01T12:07:10
12-183,141,2020-03-01T12:07:13
13-132,142,2020-03-01T12:07:13
13-137,348,2020-03-01T12:07:14
10-170,535,2020-03-01T12:07:14
10-186,608,2020-03-01T12:07:15
12-149,877,2020-03-01T12:07:18
10-154,200,2020-03-01T12:07:19
13-197,151,2020-03-01T12:07:22
10-107,856,2020-03-01T12:07:25
12-158,746,2020-03-01T12:07:28
13-191,788,2020-03-01T12:07:32
10-112,369,2020-03-01T12:07:36
12-168,455,2020-03-01T12:07:37
12-156,837,2020-03-01T12:07:39
13-198,613,2020-03-01T12:07:42
13-164,159,2020-03-01T12:07:46
13-179,922,2020-03-01T12:07:46
12-158,353,2020-03-01T12:07:49
12-142,184,2020-03-01T12:07:51
10-143,173,2020-03-01T12:07:54
13-195,163,2020-03-01T12:07:54
13-124,663,2020-03-01T12:07:58
10-155,165,2020-03-01T12:08:01
10-189,931,2020-03-01T12:08:02
13-162,127,2020-03-01T12:08:06
12-167,153,2020-03-01T12:08:07
12-192,717,2020-03-01T12:08:08
12-152,922,2020-03-01T12:08:08
12-135,502,2020-03-01T12:08:12
12-110,198,2020-03-01T12:08:12
13-168,653,2020-03-01T12:08:12
13-161,933,2020-03-01T12:08:13
12-161,894,2020-03-01T12:08:15
13-178,974,2020-03-01T12:08:16
10-154,586,2020-03-01T12:08:20
12-107,759,2020-03-01T12:08:20
10-186,424,2020-03-01T12:08:23
13-139,621,2020-03-01T12:08:26
12-182,805,2020-03-01T12:08:27
12-149,565,2020-03-01T12:08:31
13-137,878,2020-03-01T12:08:35
13-137,381,2020-03-01T12:08:39
13-128,513,2020-03-01T12:08:40
12-110,222,2020-03-01T12:08:40
10-165,842,2020-03-01T12:08:43
12-158,373,2020-03-01T12:08:47
12-126,827,2020-03-01T12:08:48
10-122,469,2020-03-01T12:08:52
13-194,316,2020-03-01T12:08:52
10-120,813,2020-03-01T12:08:56
12-160,472,2020-03-01T12:08:58
10-179,919,2020-03-01T12:08:59
12-140,407,2020-03-01T12:08:59
13-170,992,2020-03-01T12:09:01
12-102,223,2020-03-01T12:09:04
13-110,301,2020-03-01T12:09:04
10-162,478,2020-03-01T12:09:08
10-149,661,2020-03-01T12:09:12
12-194,651,2020-03-01T12:09:14
13-138,512,2020-03-01T12:09:14
12-196,345,2020-03-01T12:09:18
10-107,508,2020-03-01T12:09:19
13-174,801,2020-03-01T12:09:20
10-172,552,2020-03-01T12:09:20
12-180,677,2020-03-01T12:09:22
13-116,795,2020-03-01T12:09:23
12-144,658,2020-03-01T12:09:25
13-101,741,2020-03-01T12:09:27
13-149,181,2020-03-01T12:09:31
12-117,104,2020-03-01T12:09:34
10-172,305,2020-03-01T12:09:35
12-162,789,2020-03-01T12:09:38
12-192,205,2020-03-01T12:09:40
12-160,951,2020-03-01T12:09:42
13-182,367,2020-03-01T12:09:45
12-156,735,2020-03-01T12:09:45
10-142,914,2020-03-01T12:09:46
10-101,884,2020-03-01T12:09:48
13-193,629,2020-03-01T12:09:52
13-151,975,2020-03-01T12:09:56
10-183,431,2020-03-01T12:09:57
12-157,708,2020-03-01T12:09:59
12-168,507,2020-03-01T12:10:01
12-112,117,2020-03-01T12:10:04
12-110,238,2020-03-01T12:10:07
13-184,211,2020-03-01T12:10:08
10-182,173,2020-03-01T12:10:11
10-155,906,2020-03-01T12:10:15
13-182,722,2020-03-01T12:10:15
13-126,657,2020-03-01T12:10:18
12-140,155,2020-03-01T12:10:20
12-128,593,2020-03-01T12:10:22
13-151,881,2020-03-01T12:10:22
13-193,155,2020-03-01T12:10:23
12-155,706,2020-03-01T12:10:27
12-188,284,2020-03-01T12:10:30
12-140,162,2020-03-01T12:10:34
10-173,154,2020-03-01T12:10:34
10-192,604,2020-03-01T12:10:36
13-125,683,2020-03-01T12:10:40
13-168,428,2020-03-01T12:10:43
12-180,273,2020-03-01T12:10:45
12-101,732,2020-03-01T12:10:49
10-136,856,2020-03-01T12:10:50
13-191,153,2020-03-01T12:10:53
12-186,798,2020-03-01T12:10:56
12-145,460,2020-03-01T12:10:59
13-162,818,2020-03-01T12:11:03
13-103,767,2020-03-01T12:11:07
12-191,196,2020-03-01T12:11:10
12-128,375,2020-03-01T12:11:11
12-117,209,2020-03-01T12:11:14
12-179,719,2020-03-01T12:11:14
12-169,239,2020-03-01T12:11:16
10-121,895,2020-03-01T12:11:16
12-120,170,2020-03-01T12:11:19
13-159,305,2020-03-01T12:11:21
12-151,738,2020-03-01T12:11:21
10-182,403,2020-03-01T12:11:23
13-192,117,2020-03-01T12:11:24
12-150,256,2020-03-01T12:11:27
13-152,264,2020-03-01T12:11:31
12-191,926,2020-03-01T12:11:32
12-108,187,2020-03-01T12:11:35
13-155,348,2020-03-01T12:11:36
10-122,232,2020-03-01T12:11:40
13-141,393,2020-03-01T12:11:44
12-156,174,2020-03-01T12:11:45
10-160,252,2020-03-01T12:11:45
12-124,474,2020-03-01T12:11:49
10-189,200,2020-03-01T12:11:52
10-180,752,2020-03-01T12:11:53
12-107,287,2020-03-01T12:11:53
10-120,307,2020-03-01T12:11:53
13-140,387,2020-03-01T12:11:56
12-138,565,2020-03-01T12:11:59
10-161,404,2020-03-01T12:12:01
10-177,901,2020-03-01T12:12:03
13-187,918,2020-03-01T12:12:06
12-190,110,2020-03-01T12:12:10
10-117,370,2020-03-01T12:12:13
12-189,376,2020-03-01T12:12:16
13-176,476,2020-03-01T12:12:17
10-106,285,2020-03-01T12:12:18
10-149,511,2020-03-01T12:12:19
10-191,304,2020-03-01T12:12:20
10-159,208,2020-03-01T12:12:22
13-139,507,2020-03-01T12:12:23
12-169,215,2020-03-01T12:12:27
10-177,415,2020-03-01T12:12:29
12-124,498,2020-03-01T12:12:32
12-131,126,2020-03-01T12:12:36
12-198,417,2020-03-01T12:12:36
12-177,208,2020-03-01T12:12:37
13-141,847,2020-03-01T12:12:39
13-107,602,2020-03-01T12:12:39
10-138,207,2020-03-01T12:12:40
13-190,149,2020-03-01T12:12:41
10-166,214,2020-03-01T12:12:43
12-150,139,2020-03-01T12:12:44
10-116,900,2020-03-01T12:12:44
10-186,298,2020-03-01T12:12:45
12-116,798,2020-03-01T12:12:46
13-196,595,2020-03-01T12:12:47
12-104,674,2020-03-01T12:12:50
13-145,488,2020-03-01T12:12:52
12-122,970,2020-03-01T12:12:56
13-155,385,2020-03-01T12:12:56
12-157,894,2020-03-01T12:12:57
10-195,450,2020-03-01T12:13:01
12-170,165,2020-03-01T12:13:03
12-173,644,2020-03-01T12:13:05
12-112,786,2020-03-01T12:13:08
10-197,720,2020-03-01T12:13:11
12-105,372,2020-03-01T12:13:13
13-139,643,2020-03-01T12:13:14
12-124,795,2020-03-01T12:13:17
13-193,139,2020-03-01T12:13:17
13-188,859,2020-03-01T12:13:21
10-174,439,2020-03-01T12:13:24
12-125,629,2020-03-01T12:13:24
10-180,721,2020-03-01T12:13:28
10-172,724,2020-03-01T12:13:32
12-125,168,2020-03-01T12:13:36
12-109,771,2020-03-01T12:13:38
10-121,930,2020-03-01T12:13:39
10-147,295,2020-03-01T12:13:40
12-107,380,2020-03-01T12:13:44
12-121,672,2020-03-01T12:13:46
12-180,142,2020-03-01T12:13:47
10-179,929,2020-03-01T12:13:47
10-197,885,2020-03-01T12:13:47
12-165,727,2020-03-01T12:13:48
13-143,350,2020-03-01T12:13:50
10-166,819,2020-03-01T12:13:53
12-158,103,2020-03-01T12:13:54
13-170,952,2020-03-01T12:13:55
12-104,665,2020-03-01T12:13:57
12-101,378,2020-03-01T12:14:00
10-151,469,2020-03-01T12:14:04
12-171,562,2020-03-01T12:14:08
12-171,593,2020-03-01T12:14:10
10-175,384,2020-03-01T12:14:10
12-153,566,2020-03-01T12:14:10
10-176,187,2020-03-01T12:14:10
12-151,757,2020-03-01T12:14:10
13-193,135,2020-03-01T12:14:10
12-136,869,2020-03-01T12:14:12
10-148,150,2020-03-01T12:14:12
10-125,213,2020-03-01T12:14:12
12-121,187,2020-03-01T12:14:16
13-104,844,2020-03-01T12:14:16
12-175,972,2020-03-01T12:14:19
13-147,951,2020-03-01T12:14:23
10-147,688,2020-03-01T12:14:26
13-159,488,2020-03-01T12:14:27
10-113,594,2020-03-01T12:14:30
10-192,734,2020-03-01T12:14:33
10-139,193,2020-03-01T12:14:35
10-102,688,2020-03-01T12:14:37
13-144,506,2020-03-01T12:14:37
13-170,430,2020-03-01T12:14:37
12-149,261,2020-03-01T12:14:39
10-156,492,2020-03-01T12:14:42
10-106,917,2020-03-01T12:14:43
12-107,707,2020-03-01T12:14:47
10-103,572,2020-03-01T12:14:49
12-163,618,2020-03-01T12:14:52
10-128,365,2020-03-01T12:14:56
10-140,288,2020-03-01T12:14:56
12-124,428,2020-03-01T12:15:00
12-187,385,2020-03-01T12:15:03
13-173,933,2020-03-01T12:15:07
10-149,123,2020-03-01T12:15:10
13-152,366,2020-03-01T12:15:11
10-188,128,2020-03-01T12:15:15
10-179,154,2020-03-01T12:15:17
12-169,402,2020-03-01T12:15:19
10-146,599,2020-03-01T12:15:20
12-161,400,2020-03-01T12:15:20
12-121,989,2020-03-01T12:15:24
12-169,796,2020-03-01T12:15:25
13-157,890,2020-03-01T12:15:26
10-180,589,2020-03-01T12:15:29
10-176,929,2020-03-01T12:15:32
13-139,954,2020-03-01T12:15:34
10-123,196,2020-03-01T12:15:35
10-157,751,2020-03-01T12:15:38
12-170,806,2020-03-01T12:15:41
10-128,708,2020-03-01T12:15:44
10-170,168,2020-03-01T12:15:45
10-189,722,2020-03-01T12:15:45
13-105,996,2020-03-01T12:15:46
10-110,100,2020-03-01T12:15:48
13-113,145,2020-03-01T12:15:50
12-109,576,2020-03-01T12:15:53
13-122,556,2020-03-01T12:15:55
12-180,893,2020-03-01T12:15:59
10-155,153,2020-03-01T12:15:59
10-144,493,2020-03-01T12:16:02
10-197,888,2020-03-01T12:16:06
13-121,900,2020-03-01T12:16:07
12-100,825,2020-03-01T12:16:09
10-117,762,2020-03-01T12:16:13
13-182,288,2020-03-01T12:16:14
12-114,411,2020-03-01T12:16:15
10-192,273,2020-03-01T12:16:18
12-110,668,2020-03-01T12:16:18
10-191,930,2020-03-01T12:16:19
13-123,662,2020-03-01T12:16:21
10-102,589,2020-03-01T12:16:22
13-160,583,2020-03-01T12:16:26
12-108,524,2020-03-01T12:16:29
13-141,878,2020-03-01T12:16:33
13-129,780,2020-03-01T12:16:36
13-148,494,2020-03-01T12:16:40
10-113,892,2020-03-01T12:16:43
13-158,161,2020-03-01T12:16:44
13-176,981,2020-03-01T12:16:47
13-183,170,2020-03-01T12:16:51
13-178,545,2020-03-01T12:16:51
10-168,450,2020-03-01T12:16:52
12-198,263,2020-03-01T12:16:54
10-190,860,2020-03-01T12:16:57
10-198,243,2020-03-01T12:16:58
13-181,467,2020-03-01T12:16:59
13-165,865,2020-03-01T12:17:03
13-108,811,2020-03-01T12:17:04
13-187,458,2020-03-01T12:17:05
12-158,102,2020-03-01T12:17:05
12-170,627,2020-03-01T12:17:08
13-126,555,2020-03-01T12:17:10
10-139,374,2020-03-01T12:17:14
13-192,179,2020-03-01T12:17:18
13-126,301,2020-03-01T12:17:20
13-185,729,2020-03-01T12:17:23
13-198,579,2020-03-01T12:17:26
10-183,313,2020-03-01T12:17:30
10-122,148,2020-03-01T12:17:34
13-161,154,2020-03-01T12:17:37
12-190,889,2020-03-01T12:17:40
12-193,129,2020-03-01T12:17:42
12-184,897,2020-03-01T12:17:42
13-108,479,2020-03-01T12:17:42
13-150,856,2020-03-01T12:17:44
12-184,577,2020-03-01T12:17:48
12-190,601,2020-03-01T12:17:51
13-102,974,2020-03-01T12:17:51
10-155,953,2020-03-01T12:17:52
10-145,318,2020-03-01T12:17:54
10-170,840,2020-03-01T12:17:57
10-110,518,2020-03-01T12:17:57
10-186,783,2020-03-01T12:18:00
12-108,464,2020-03-01T12:18:00
12-105,799,2020-03-01T12:18:03
10-155,607,2020-03-01T12:18:07
12-151,877,2020-03-01T12:18:09
10-108,945,2020-03-01T12:18:11
13-168,213,2020-03-01T12:18:11
10-197,550,2020-03-01T12:18:13
13-137,377,2020-03-01T12:18:17
12-182,325,2020-03-01T12:18:21
13-163,258,2020-03-01T12:18:24
12-112,947,2020-03-01T12:18:25
13-103,740,2020-03-01T12:18:25
10-135,135,2020-03-01T12:18:27
12-187,351,2020-03-01T12:18:28
13-193,324,2020-03-01T12:18:29
12-170,742,2020-03-01T12:18:29
13-156,792,2020-03-01T12:18:31
10-168,387,2020-03-01T12:18:35
10-122,645,2020-03-01T12:18:38
10-132,490,2020-03-01T12:18:40
13-146,292,2020-03-01T12:18:44
10-180,749,2020-03-01T12:18:46
12-119,714,2020-03-01T12:18:50
13-155,568,2020-03-01T12:18:52
12-139,204,2020-03-01T12:18:54
13-139,511,2020-03-01T12:18:58
12-146,332,2020-03-01T12:19:01
12-142,503,2020-03-01T12:19:02
10-127,716,2020-03-01T12:19:04
13-136,325,2020-03-01T12:19:06
10-132,922,2020-03-01T12:19:06
10-126,849,2020-03-01T12:19:08
12-127,160,2020-03-01T12:19:08
13-163,519,2020-03-01T12:19:09
12-143,941,2020-03-01T12:19:11
13-141,581,2020-03-01T12:19:11
13-136,105,2020-03-01T12:19:15
10-152,681,2020-03-01T12:19:19
10-190,829,2020-03-01T12:19:19
10-129,478,2020-03-01T12:19:23
12-131,838,2020-03-01T12:19:27
10-184,696,2020-03-01T12:19:30
13-182,911,2020-03-01T12:19:30
10-104,624,2020-03-01T12:19:30
12-112,708,2020-03-01T12:19:32
12-188,994,2020-03-01T12:19:32
13-178,710,2020-03-01T12:19:33
10-180,622,2020-03-01T12:19:37
12-172,323,2020-03-01T12:19:40
12-141,578,2020-03-01T12:19:40
13-176,400,2020-03-01T12:19:42
12-171,104,2020-03-01T12:19:42
10-178,797,2020-03-01T12:19:46
10-101,385,2020-03-01T12:19:47
12-119,156,2020-03-01T12:19:48
10-173,915,2020-03-01T12:19:49
13-108,485,2020-03-01T12:19:51
10-143,107,2020-03-01T12:19:54
10-106,156,2020-03-01T12:19:56
13-135,108,2020-03-01T12:19:58
13-152,677,2020-03-01T12:20:01
10-148,955,2020-03-01T12:20:02
12-167,837,2020-03-01T12:20:02
13-192,729,2020-03-01T12:20:05
10-127,259,2020-03-01T12:20:06
10-156,755,2020-03-01T12:20:07
13-190,287,2020-03-01T12:20:11
10-176,402,2020-03-01T12:20:12
10-134,269,2020-03-01T12:20:14
13-164,270,2020-03-01T12:20:16
13-188,782,2020-03-01T12:20:16
12-178,384,2020-03-01T12:20:20
12-107,455,2020-03-01T12:20:22
10-105,372,2020-03-01T12:20:26
10-191,928,2020-03-01T12:20:26
10-115,266,2020-03-01T12:20:29
13-150,337,2020-03-01T12:20:30
12-134,941,2020-03-01T12:20:34
12-112,397,2020-03-01T12:20:36
12-117,705,2020-03-01T12:20:40
10-188,734,2020-03-01T12:20:43
12-131,718,2020-03-01T12:20:47
12-149,159,2020-03-01T12:20:51
12-122,898,2020-03-01T12:20:55
12-132,985,2020-03-01T12:20:57
10-129,257,2020-03-01T12:21:00
12-177,623,2020-03-01T12:21:03
10-116,301,2020-03-01T12:21:03
10-143,916,2020-03-01T12:21:05
10-127,561,2020-03-01T12:21:08
12-135,307,2020-03-01T12:21:08
12-190,873,2020-03-01T12:21:08
12-160,784,2020-03-01T12:21:10
10-155,381,2020-03-01T12:21:14
13-121,533,2020-03-01T12:21:17
12-135,873,2020-03-01T12:21:19
13-192,956,2020-03-01T12:21:21
12-110,775,2020-03-01T12:21:22
10-129,426,2020-03-01T12:21:26
10-180,807,2020-03-01T12:21:26
10-113,894,2020-03-01T12:21:27
13-184,808,2020-03-01T12:21:29
10-196,720,2020-03-01T12:21:33
13-181,577,2020-03-01T12:21:36
10-150,495,2020-03-01T12:21:39
10-167,246,2020-03-01T12:21:43
13-131,941,2020-03-01T12:21:43
10-117,798,2020-03-01T12:21:44
13-192,749,2020-03-01T12:21:45
10-105,451,2020-03-01T12:21:45
12-145,229,2020-03-01T12:21:48
10-108,323,2020-03-01T12:21:48
10-124,211,2020-03-01T12:21:50
13-156,758,2020-03-01T12:21:50
10-132,279,2020-03-01T12:21:50
12-150,558,2020-03-01T12:21:54
13-194,463,2020-03-01T12:21:58
12-174,624,2020-03-01T12:22:01
10-134,696,2020-03-01T12:22:04
10-129,379,2020-03-01T12:22:08
12-196,829,2020-03-01T12:22:12
12-189,409,2020-03-01T12:22:15
12-150,930,2020-03-01T12:22:18
10-101,283,2020-03-01T12:22:18
12-185,930,2020-03-01T12:22:20
10-151,589,2020-03-01T12:22:23
12-166,485,2020-03-01T12:22:25
13-101,644,2020-03-01T12:22:26
10-165,770,2020-03-01T12:22:27
12-171,850,2020-03-01T12:22:29
13-134,243,2020-03-01T12:22:30
10-195,457,2020-03-01T12:22:32
10-100,843,2020-03-01T12:22:36
12-111,179,2020-03-01T12:22:38
12-151,944,2020-03-01T12:22:40
13-153,505,2020-03-01T12:22:42
10-153,771,2020-03-01T12:22:46
10-129,767,2020-03-01T12:22:47
12-198,650,2020-03-01T12:22:49
12-171,699,2020-03-01T12:22:53
13-101,542,2020-03-01T12:22:53
12-137,228,2020-03-01T12:22:57
10-135,626,2020-03-01T12:22:57
12-138,964,2020-03-01T12:23:01
10-170,944,2020-03-01T12:23:02
13-159,835,2020-03-01T12:23:03
10-114,306,2020-03-01T12:23:03
13-181,320,2020-03-01T12:23:03
10-153,532,2020-03-01T12:23:05
13-191,243,2020-03-01T12:23:07
10-183,259,2020-03-01T12:23:08
13-170,562,2020-03-01T12:23:12
12-170,859,2020-03-01T12:23:14
13-138,619,2020-03-01T12:23:17
10-154,221,2020-03-01T12:23:18
13-151,357,2020-03-01T12:23:19
10-108,218,2020-03-01T12:23:20
13-181,138,2020-03-01T12:23:21
10-175,577,2020-03-01T12:23:25
12-108,974,2020-03-01T12:23:27
10-102,511,2020-03-01T12:23:28
12-178,730,2020-03-01T12:23:30
12-176,880,2020-03-01T12:23:33
13-167,302,2020-03-01T12:23:36
10-171,767,2020-03-01T12:23:38
12-106,252,2020-03-01T12:23:38
13-168,511,2020-03-01T12:23:42
13-166,978,2020-03-01T12:23:43
12-179,165,2020-03-01T12:23:44
10-125,430,2020-03-01T12:23:45
13-129,598,2020-03-01T12:23:45
13-158,349,2020-03-01T12:23:49
13-189,844,2020-03-01T12:23:50
10-133,893,2020-03-01T12:23:51
13-145,711,2020-03-01T12:23:52
13-128,289,2020-03-01T12:23:52
12-167,341,2020-03-01T12:23:53
13-140,494,2020-03-01T12:23:57
13-148,788,2020-03-01T12:24:00
12-161,105,2020-03-01T12:24:04
13-116,731,2020-03-01T12:24:06
12-196,914,2020-03-01T12:24:08
12-123,470,2020-03-01T12:24:10
13-195,406,2020-03-01T12:24:12
10-181,682,2020-03-01T12:24:14
13-166,414,2020-03-01T12:24:15
10-179,311,2020-03-01T12:24:19
10-155,170,2020-03-01T12:24:23
12-153,258,2020-03-01T12:24:25
12-138,124,2020-03-01T12:24:25
10-197,249,2020-03-01T12:24:28
10-121,471,2020-03-01T12:24:28
13-111,112,2020-03-01T12:24:31
10-117,542,2020-03-01T12:24:34
10-186,447,2020-03-01T12:24:37
12-133,203,2020-03-01T12:24:37
10-176,661,2020-03-01T12:24:41
13-158,899,2020-03-01T12:24:41
13-141,625,2020-03-01T12:24:44
13-170,338,2020-03-01T12:24:44
13-177,989,2020-03-01T12:24:48
13-123,441,2020-03-01T12:24:50
12-127,743,2020-03-01T12:24:51
13-167,535,2020-03-01T12:24:53
13-100,356,2020-03-01T12:24:53
13-149,572,2020-03-01T12:24:57
10-131,515,2020-03-01T12:24:58
10-164,211,2020-03-01T12:24:59
10-134,284,2020-03-01T12:25:02
12-168,777,2020-03-01T12:25:04
12-166,490,2020-03-01T12:25:05
12-164,217,2020-03-01T12:25:08
13-125,781,2020-03-01T12:25:12
10-119,680,2020-03-01T12:25:14
12-109,237,2020-03-01T12:25:16
13-195,397,2020-03-01T12:25:18
12-196,596,2020-03-01T12:25:18
13-178,412,2020-03-01T12:25:21
10-134,960,2020-03-01T12:25:25
12-107,193,2020-03-01T12:25:27
10-182,179,2020-03-01T12:25:28
10-157,786,2020-03-01T12:25:32
12-182,849,2020-03-01T12:25:32
10-154,623,2020-03-01T12:25:33
12-196,705,2020-03-01T12:25:34
10-101,497,2020-03-01T12:25:35
13-130,137,2020-03-01T12:25:35
10-134,881,2020-03-01T12:25:39
10-105,336,2020-03-01T12:25:42
10-179,239,2020-03-01T12:25:46
13-195,957,2020-03-01T12:25:47
12-123,386,2020-03-01T12:25:49
10-151,988,2020-03-01T12:25:49
10-140,665,2020-03-01T12:25:53
10-141,327,2020-03-01T12:25:54
12-187,527,2020-03-01T12:25:57
13-174,994,2020-03-01T12:26:00
12-156,663,2020-03-01T12:26:01
12-179,519,2020-03-01T12:26:05
10-164,385,2020-03-01T12:26:05
10-178,618,2020-03-01T12:26:05
13-185,132,2020-03-01T12:26:09
12-101,200,2020-03-01T12:26:11
12-153,262,2020-03-01T12:26:14
10-148,800,2020-03-01T12:26:17
13-104,749,2020-03-01T12:26:18
13-116,983,2020-03-01T12:26:22
13-169,483,2020-03-01T12:26:24
12-164,926,2020-03-01T12:26:26
10-108,964,2020-03-01T12:26:29
12-160,217,2020-03-01T12:26:29
13-167,909,2020-03-01T12:26:31
13-150,632,2020-03-01T12:26:33
10-140,221,2020-03-01T12:26:33
10-169,493,2020-03-01T12:26:33
10-108,632,2020-03-01T12:26:35
10-125,368,2020-03-01T12:26:38
10-170,620,2020-03-01T12:26:39
12-165,435,2020-03-01T12:26:39
10-180,750,2020-03-01T12:26:39
12-122,768,2020-03-01T12:26:42
10-196,539,2020-03-01T12:26:44
13-153,710,2020-03-01T12:26:45
10-165,642,2020-03-01T12:26:46
10-112,753,2020-03-01T12:26:49
13-179,624,2020-03-01T12:26:51
13-133,761,2020-03-01T12:26:51
10-167,972,2020-03-01T12:26:54
13-132,632,2020-03-01T12:26:56
10-142,680,2020-03-01T12:27:00
12-107,132,2020-03-01T12:27:03
10-176,869,2020-03-01T12:27:07
13-188,344,2020-03-01T12:27:09
13-157,186,2020-03-01T12:27:11
13-179,419,2020-03-01T12:27:11
13-119,963,2020-03-01T12:27:15
10-181,915,2020-03-01T12:27:16
12-154,728,2020-03-01T12:27:17
13-174,918,2020-03-01T12:27:19
10-101,637,2020-03-01T12:27:19
10-116,984,2020-03-01T12:27:20
12-161,282,2020-03-01T12:27:21
13-158,743,2020-03-01T12:27:23
13-177,576,2020-03-01T12:27:24
12-198,975,2020-03-01T12:27:26
10-135,902,2020-03-01T12:27:26
10-165,444,2020-03-01T12:27:30
13-154,263,2020-03-01T12:27:30
13-191,947,2020-03-01T12:27:34
13-173,958,2020-03-01T12:27:38
13-106,310,2020-03-01T12:27:38
12-143,674,2020-03-01T12:27:41
10-111,313,2020-03-01T12:27:45
12-135,562,2020-03-01T12:27:47
12-123,459,2020-03-01T12:27:48
10-117,171,2020-03-01T12:27:48
13-105,339,2020-03-01T12:27:52
12-128,289,2020-03-01T12:27:52
12-137,477,2020-03-01T12:27:55
13-162,812,2020-03-01T12:27:59
12-151,292,2020-03-01T12:27:59
12-103,201,2020-03-01T12:27:59
13-124,443,2020-03-01T12:28:02
12-196,495,2020-03-01T12:28:05
12-134,158,2020-03-01T12:28:07
13-192,135,2020-03-01T12:28:08
13-197,942,2020-03-01T12:28:09
12-150,583,2020-03-01T12:28:09
12-131,971,2020-03-01T12:28:11
12-132,716,2020-03-01T12:28:11
12-154,959,2020-03-01T12:28:11
10-186,665,2020-03-01T12:28:12
10-116,168,2020-03-01T12:28:16
10-117,213,2020-03-01T12:28:17
13-135,880,2020-03-01T12:28:17
13-165,775,2020-03-01T12:28:20
10-170,774,2020-03-01T12:28:20
12-170,939,2020-03-01T12:28:21
13-180,660,2020-03-01T12:28:21
12-121,306,2020-03-01T12:28:23
10-104,508,2020-03-01T12:28:24
10-137,513,2020-03-01T12:28:26
12-161,782,2020-03-01T12:28:30
13-198,580,2020-03-01T12:28:34
10-167,845,2020-03-01T12:28:35
12-179,510,2020-03-01T12:28:35
12-192,663,2020-03-01T12:28:37
10-111,647,2020-03-01T12:28:40
13-113,188,2020-03-01T12:28:40
12-172,178,2020-03-01T12:28:42
12-123,925,2020-03-01T12:28:46
13-147,905,2020-03-01T12:28:50
12-187,129,2020-03-01T12:28:52
10-106,950,2020-03-01T12:28:52
12-117,776,2020-03-01T12:28:53
12-169,460,2020-03-01T12:28:53
13-188,825,2020-03-01T12:28:55
13-113,682,2020-03-01T12:28:58
13-110,211,2020-03-01T12:29:02
13-154,193,2020-03-01T12:29:05
13-149,121,2020-03-01T12:29:06
12-168,326,2020-03-01T12:29:07
12-130,470,2020-03-01T12:29:11
13-161,981,2020-03-01T12:29:12
10-156,602,2020-03-01T12:29:14
12-167,276,2020-03-01T12:29:14
10-186,970,2020-03-01T12:29:14
13-102,802,2020-03-01T12:29:17
12-174,409,2020-03-01T12:29:20
12-121,461,2020-03-01T12:29:20
10-122,868,2020-03-01T12:29:22
10-116,488,2020-03-01T12:29:25
10-110,622,2020-03-01T12:29:29
10-137,501,2020-03-01T12:29:33
12-166,411,2020-03-01T12:29:34
10-159,948,2020-03-01T12:29:37
12-183,883,2020-03-01T12:29:40
13-112,742,2020-03-01T12:29:41
12-101,319,2020-03-01T12:29:41
10-149,226,2020-03-01T12:29:44
10-193,113,2020-03-01T12:29:47
13-159,564,2020-03-01T12:29:51
13-103,126,2020-03-01T12:29:55
12-181,475,2020-03-01T12:29:57
12-120,892,2020-03-01T12:30:00
12-110,388,2020-03-01T12:30:03
10-153,957,2020-03-01T12:30:06
10-170,395,2020-03-01T12:30:08
10-118,627,2020-03-01T12:30:08
12-127,503,2020-03-01T12:30:12
13-125,418,2020-03-01T12:30:16
13-141,895,2020-03-01T12:30:16
13-145,242,2020-03-01T12:30:20
13-178,700,2020-03-01T12:30:21
10-195,939,2020-03-01T12:30:24
13-119,770,2020-03-01T12:30:28
10-197,287,2020-03-01T12:30:29
12-160,354,2020-03-01T12:30:33
12-196,747,2020-03-01T12:30:37
12-138,370,2020-03-01T12:30:37
10-195,208,2020-03-01T12:30:37
13-197,501,2020-03-01T12:30:39
13-149,648,2020-03-01T12:30:39
12-168,664,2020-03-01T12:30:43
10-151,803,2020-03-01T12:30:45
10-148,905,2020-03-01T12:30:46
13-178,598,2020-03-01T12:30:50
10-163,870,2020-03-01T12:30:52
10-146,981,2020-03-01T12:30:56
10-186,664,2020-03-01T12:31:00
13-111,581,2020-03-01T12:31:04
12-180,959,2020-03-01T12:31:07
13-189,861,2020-03-01T12:31:09
13-152,196,2020-03-01T12:31:10
10-126,504,2020-03-01T12:31:10
12-158,207,2020-03-01T12:31:14
13-177,520,2020-03-01T12:31:15
12-130,998,2020-03-01T12:31:15
13-185,734,2020-03-01T12:31:17
10-104,401,2020-03-01T12:31:17
12-176,667,2020-03-01T12:31:19
13-146,391,2020-03-01T12:31:23
13-167,719,2020-03-01T12:31:24
13-148,576,2020-03-01T12:31:25
13-104,863,2020-03-01T12:31:27
13-109,464,2020-03-01T12:31:27
12-197,703,2020-03-01T12:31:30
12-135,685,2020-03-01T12:31:30
10-173,671,2020-03-01T12:31:30
13-191,592,2020-03-01T12:31:30
12-149,217,2020-03-01T12:31:34
10-122,855,2020-03-01T12:31:38
12-194,139,2020-03-01T12:31:38
12-109,950,2020-03-01T12:31:42
10-196,791,2020-03-01T12:31:42
12-160,881,2020-03-01T12:31:42
13-120,135,2020-03-01T12:31:43
10-143,842,2020-03-01T12:31:44
10-170,334,2020-03-01T12:31:48
12-147,308,2020-03-01T12:31:50
12-100,517,2020-03-01T12:31:53
12-160,327,2020-03-01T12:31:57
10-133,887,2020-03-01T12:31:59
10-180,760,2020-03-01T12:32:02
12-171,689,2020-03-01T12:32:05
13-164,504,2020-03-01T12:32:05
13-116,890,2020-03-01T12:32:09
12-133,375,2020-03-01T12:32:11
10-130,607,2020-03-01T12:32:14
12-111,663,2020-03-01T12:32:15
13-116,348,2020-03-01T12:32:18
13-170,151,2020-03-01T12:32:18
10-154,782,2020-03-01T12:32:18
13-129,137,2020-03-01T12:32:18
10-178,215,2020-03-01T12:32:18
13-181,946,2020-03-01T12:32:20
12-131,527,2020-03-01T12:32:22
13-152,297,2020-03-01T12:32:23
13-131,937,2020-03-01T12:32:25
10-108,162,2020-03-01T12:32:28
12-124,716,2020-03-01T12:32:28
13-173,863,2020-03-01T12:32:32
12-138,319,2020-03-01T12:32:32
10-122,533,2020-03-01T12:32:35
13-128,796,2020-03-01T12:32:38
13-163,199,2020-03-01T12:32:41
13-150,547,2020-03-01T12:32:43
12-152,926,2020-03-01T12:32:47
13-113,843,2020-03-01T12:32:47
13-192,450,2020-03-01T12:32:51
12-186,516,2020-03-01T12:32:54
10-173,787,2020-03-01T12:32:55
13-170,449,2020-03-01T12:32:57
10-146,672,2020-03-01T12:32:59
12-106,735,2020-03-01T12:33:02
13-167,297,2020-03-01T12:33:06
12-134,256,2020-03-01T12:33:09
12-154,821,2020-03-01T12:33:13
10-140,591,2020-03-01T12:33:14
13-196,359,2020-03-01T12:33:17
12-197,209,2020-03-01T12:33:20
12-189,510,2020-03-01T12:33:21
10-172,400,2020-03-01T12:33:23
10-190,637,2020-03-01T12:33:23
10-104,425,2020-03-01T12:33:27
12-126,799,2020-03-01T12:33:30
10-180,886,2020-03-01T12:33:32
13-154,289,2020-03-01T12:33:33
13-144,653,2020-03-01T12:33:35
10-160,796,2020-03-01T12:33:35
10-125,258,2020-03-01T12:33:37
13-109,985,2020-03-01T12:33:38
12-150,728,2020-03-01T12:33:40
10-192,900,2020-03-01T12:33:41
12-110,880,2020-03-01T12:33:43
13-169,784,2020-03-01T12:33:43
13-191,365,2020-03-01T12:33:43
12-182,656,2020-03-01T12:33:44
10-173,500,2020-03-01T12:33:46
13-119,166,2020-03-01T12:33:48
10-101,765,2020-03-01T12:33:50
13-147,662,2020-03-01T12:33:50
13-158,728,2020-03-01T12:33:50
12-122,634,2020-03-01T12:33:54
12-183,562,2020-03-01T12:33:58
12-179,992,2020-03-01T12:34:00
12-135,701,2020-03-01T12:34:00
13-122,495,2020-03-01T12:34:03
12-102,909,2020-03-01T12:34:04
10-164,543,2020-03-01T12:34:08
10-130,281,2020-03-01T12:34:10
12-169,918,2020-03-01T12:34:11
10-138,181,2020-03-01T12:34:13
12-123,496,2020-03-01T12:34:15
12-158,838,2020-03-01T12:34:16
12-104,767,2020-03-01T12:34:17
13-126,120,2020-03-01T12:34:19
12-181,338,2020-03-01T12:34:20
12-118,293,2020-03-01T12:34:23
12-168,361,2020-03-01T12:34:25
13-194,102,2020-03-01T12:34:25
12-195,238,2020-03-01T12:34:27
13-184,622,2020-03-01T12:34:30
10-135,833,2020-03-01T12:34:30
12-165,328,2020-03-01T12:34:30
12-174,239,2020-03-01T12:34:32
10-197,569,2020-03-01T12:34:32
13-151,330,2020-03-01T12:34:34
13-109,762,2020-03-01T12:34:37
12-156,409,2020-03-01T12:34:41
10-138,130,2020-03-01T12:34:41
12-177,732,2020-03-01T12:34:44
13-116,351,2020-03-01T12:34:48
12-126,285,2020-03-01T12:34:48
10-103,978,2020-03-01T12:34:52
12-125,434,2020-03-01T12:34:53
13-187,282,2020-03-01T12:34:57
12-114,401,2020-03-01T12:35:01
10-196,405,2020-03-01T12:35:02
10-125,758,2020-03-01T12:35:06
12-129,854,2020-03-01T12:35:08
12-151,701,2020-03-01T12:35:08
12-122,457,2020-03-01T12:35:09
10-185,889,2020-03-01T12:35:13
13-165,791,2020-03-01T12:35:15
13-162,371,2020-03-01T12:35:19
10-102,869,2020-03-01T12:35:22
10-105,305,2020-03-01T12:35:22
12-138,576,2020-03-01T12:35:24
13-122,598,2020-03-01T12:35:24
13-150,290,2020-03-01T12:35:25
10-105,412,2020-03-01T12:35:27
10-187,180,2020-03-01T12:35:30
12-121,820,2020-03-01T12:35:34
12-134,198,2020-03-01T12:35:37
10-142,189,2020-03-01T12:35:37
12-116,341,2020-03-01T12:35:37
12-155,973,2020-03-01T12:35:39
10-140,675,2020-03-01T12:35:43
13-189,466,2020-03-01T12:35:43
12-111,737,2020-03-01T12:35:46
13-188,422,2020-03-01T12:35:46
10-110,502,2020-03-01T12:35:50
10-173,637,2020-03-01T12:35:52
12-155,488,2020-03-01T12:35:54
12-156,240,2020-03-01T12:35:57
12-141,367,2020-03-01T12:35:58
12-114,998,2020-03-01T12:36:00
12-155,330,2020-03-01T12:36:03
10-168,943,2020-03-01T12:36:06
13-124,135,2020-03-01T12:36:10
12-171,648,2020-03-01T12:36:11
13-167,191,2020-03-01T12:36:14
10-177,579,2020-03-01T12:36:17
10-169,704,2020-03-01T12:36:20
10-144,563,2020-03-01T12:36:20
10-139,276,2020-03-01T12:36:23
13-112,809,2020-03-01T12:36:24
12-187,929,2020-03-01T12:36:26
10-185,938,2020-03-01T12:36:30
12-107,478,2020-03-01T12:36:31
10-119,271,2020-03-01T12:36:34
10-180,390,2020-03-01T12:36:38
13-177,634,2020-03-01T12:36:39
13-117,195,2020-03-01T12:36:43
10-125,391,2020-03-01T12:36:45
13-165,211,2020-03-01T12:36:49
12-174,739,2020-03-01T12:36:49
12-176,769,2020-03-01T12:36:51
12-145,250,2020-03-01T12:36:55
10-158,882,2020-03-01T12:36:57
10-114,536,2020-03-01T12:36:59
12-119,142,2020-03-01T12:36:59
12-140,819,2020-03-01T12:37:03
12-120,636,2020-03-01T12:37:05
13-100,713,2020-03-01T12:37:09
10-177,223,2020-03-01T12:37:13
13-173,909,2020-03-01T12:37:13
13-164,301,2020-03-01T12:37:17
10-164,508,2020-03-01T12:37:21
13-133,191,2020-03-01T12:37:21
12-172,103,2020-03-01T12:37:25
10-143,128,2020-03-01T12:37:27
13-154,570,2020-03-01T12:37:27
13-140,526,2020-03-01T12:37:30
10-162,512,2020-03-01T12:37:31
10-107,302,2020-03-01T12:37:32
13-104,939,2020-03-01T12:37:34
12-109,208,2020-03-01T12:37:34
10-119,862,2020-03-01T12:37:37
10-194,145,2020-03-01T12:37:38
13-120,304,2020-03-01T12:37:39
12-149,559,2020-03-01T12:37:40
10-131,296,2020-03-01T12:37:41
12-165,963,2020-03-01T12:37:45
12-177,879,2020-03-01T12:37:46
13-150,628,2020-03-01T12:37:47
13-171,813,2020-03-01T12:37:50
10-165,538,2020-03-01T12:37:52
12-183,747,2020-03-01T12:37:53
12-150,256,2020-03-01T12:37:55
12-185,347,2020-03-01T12:37:58
13-164,936,2020-03-01T12:37:59
10-176,125,2020-03-01T12:38:03
13-137,727,2020-03-01T12:38:07
10-118,198,2020-03-01T12:38:09
13-179,563,2020-03-01T12:38:13
12-164,147,2020-03-01T12:38:15
13-193,699,2020-03-01T12:38:19
10-155,183,2020-03-01T12:38:19
10-190,286,2020-03-01T12:38:23
13-161,851,2020-03-01T12:38:26
10-190,751,2020-03-01T12:38:29
10-136,504,2020-03-01T12:38:32
10-157,706,2020-03-01T12:38:36
10-164,436,2020-03-01T12:38:37
13-160,445,2020-03-01T12:38:38
10-176,162,2020-03-01T12:38:42
13-123,785,2020-03-01T12:38:45
12-111,203,2020-03-01T12:38:47
12-143,886,2020-03-01T12:38:50
12-155,385,2020-03-01T12:38:53
13-166,203,2020-03-01T12:38:55
10-104,937,2020-03-01T12:38:55
13-165,139,2020-03-01T12:38:58
12-108,297,2020-03-01T12:38:58
13-125,287,2020-03-01T12:38:59
10-140,290,2020-03-01T12:39:00
12-138,283,2020-03-01T12:39:01
13-166,512,2020-03-01T12:39:03
12-135,322,2020-03-01T12:39:04
12-141,627,2020-03-01T12:39:06
12-164,441,2020-03-01T12:39:07
13-197,935,2020-03-01T12:39:11
10-133,379,2020-03-01T12:39:13
13-181,896,2020-03-01T12:39:15
13-149,237,2020-03-01T12:39:19
13-177,478,2020-03-01T12:39:23
13-155,311,2020-03-01T12:39:25
12-100,860,2020-03-01T12:39:26
13-176,201,2020-03-01T12:39:28
